--
-- PostgreSQL database dump
--

\restrict 78xV3JyYDksXRv724bWhxhTwMsOBQ17tTsL47dwgMdMfKwpgk2YdwCSZn1Y8kqU

-- Dumped from database version 15.17 (Homebrew)
-- Dumped by pg_dump version 18.3

SET statement_timeout = 0;
SET lock_timeout = 0;
SET idle_in_transaction_session_timeout = 0;
SET client_encoding = 'UTF8';
SET standard_conforming_strings = on;
SELECT pg_catalog.set_config('search_path', '', false);
SET check_function_bodies = false;
SET xmloption = content;
SET client_min_messages = warning;
SET row_security = off;

--
-- Data for Name: batch; Type: TABLE DATA; Schema: public; Owner: -
--

COPY public.batch (id, block_hash, previous_committed_batch_hash, expiry, block_timestamp, committed_at_block, committed_at) FROM stdin;
\\xda1a1a4bdd08aad4417e356ecbb361bf2ec484b2f53e4f2358edd1c5923be8b0	\\x069cfc6b4f3e78e1ffd2e0ba8b2f12decd2a57e81288fbfc2158838ec8ab4dc7	\\x0000000000000000000000000000000000000000000000000000000000000000	2	1773760752	2435545	2026-03-17 19:19:24+04
\\x0128f97fdb5ab4d0b6c25b688807fa4211684aeb755a1268e2ff375ab78c03d4	\\x8b594918421ce725fe488370ac182946b735fad1e57997042cff877d3f28d71e	\\xda1a1a4bdd08aad4417e356ecbb361bf2ec484b2f53e4f2358edd1c5923be8b0	2	1773767712	2436046	2026-03-17 21:15:24+04
\.


--
-- Data for Name: code; Type: TABLE DATA; Schema: public; Owner: -
--

COPY public.code (id, status, created_at) FROM stdin;
\\xb12247b9fb9ac431da2949403d29b7c99488e98597db09a1d19e8812e06982cd	0	2026-03-17 13:05:36+04
\\xf88e56ad4ee91457f558c213681393a87732a32bd28441dd40ea5dcfa79483b6	0	2026-03-17 15:15:48+04
\\x2299304fe4b897f081843cf937273b458f1719a7f9cd600dae4494eb92f2ac8a	0	2026-03-17 21:12:48+04
\.


--
-- Data for Name: ethereum_tx; Type: TABLE DATA; Schema: public; Owner: -
--

COPY public.ethereum_tx (id, contract_address, sender, selector, block_number, created_at, data) FROM stdin;
\\x126622af08e9266bcb486a245ce9681caeba28564cb01d9b4140792d37347ce5	\\xe549b0afeda978271ff7e712232b9f7f39a0b060	\\xab83545b2463e7bab6e8cc31394730e7d98c4fea	\\xb24fcac0	2435545	2026-03-17 19:19:24+04	\\xb24fcac0000000000000000000000000000000000000000000000000000000000000006000000000000000000000000000000000000000000000000000000000000000010000000000000000000000000000000000000000000000000000000000000260069cfc6b4f3e78e1ffd2e0ba8b2f12decd2a57e81288fbfc2158838ec8ab4dc70000000000000000000000000000000000000000000000000000000069b970f000000000000000000000000000000000000000000000000000000000000000000000000000000000000000000000000000000000000000000000000000000002000000000000000000000000000000000000000000000000000000000000010000000000000000000000000000000000000000000000000000000000000001a000000000000000000000000000000000000000000000000000000000000001c000000000000000000000000000000000000000000000000000000000000001e0000000000000000000000000000000000000000000000000000000000000000100000000000000000000000000000000000000000000000000000000000000200000000000000000000000000000000000000000000000000000000000000040aebb16717742b711b75d8bf7828d95b6c9aa372b2f7bbf4a2a1553b87b1e199900000000000000000000000000000000000000000000000000000000000000000000000000000000000000000000000000000000000000000000000000000000000000000000000000000000000000000000000000000000000000000000000000000000000000000000000000000000000000000000000000000000000000000000000000000000000000000000000000000000000000000000000000000003000000000000000000000000000000000000000000000000000000000000006000000000000000000000000000000000000000000000000000000000000000e000000000000000000000000000000000000000000000000000000000000001600000000000000000000000000000000000000000000000000000000000000041f23bf8610957f2931a285cc96d8ddc16eb5a5e264fb3e800720d0b5bd54bd4603a85ac75ca11dbdeccfcd33eeeb2262068193f9e5e3fbe1ba42336dff4221dcd1b000000000000000000000000000000000000000000000000000000000000000000000000000000000000000000000000000000000000000000000000000041b7ec0d41f244b6cfb0e6449b23a7a6c81e4ab509ed29c2fa256af9efd08b364e02a422c74d06d95b99c988f31deaa6ca7a86c18771d1f1073eb707ee376722ab1b0000000000000000000000000000000000000000000000000000000000000000000000000000000000000000000000000000000000000000000000000000417ff550e5f4bd9964ebaa951f3859b7d656ec2db1d2d23dea75c220314f3868135d68f60cc40260ac0b9d0b23e422210c6395729e4ae30e2c29c59f1a199839941b00000000000000000000000000000000000000000000000000000000000000
\\x952d6d938572bb78a49986857ab8d4ab798b07f94294cb9933a0ed6cb61e62a7	\\xe549b0afeda978271ff7e712232b9f7f39a0b060	\\xab83545b2463e7bab6e8cc31394730e7d98c4fea	\\xb24fcac0	2436046	2026-03-17 21:15:24+04	\\xb24fcac00000000000000000000000000000000000000000000000000000000000000060000000000000000000000000000000000000000000000000000000000000000100000000000000000000000000000000000000000000000000000000000002608b594918421ce725fe488370ac182946b735fad1e57997042cff877d3f28d71e0000000000000000000000000000000000000000000000000000000069b98c20da1a1a4bdd08aad4417e356ecbb361bf2ec484b2f53e4f2358edd1c5923be8b00000000000000000000000000000000000000000000000000000000000000002000000000000000000000000000000000000000000000000000000000000010000000000000000000000000000000000000000000000000000000000000001a000000000000000000000000000000000000000000000000000000000000001c000000000000000000000000000000000000000000000000000000000000001e0000000000000000000000000000000000000000000000000000000000000000100000000000000000000000000000000000000000000000000000000000000200000000000000000000000000000000000000000000000000000000000000040aa42c33c05e1a95ca8f73ee4382a3fab220d040fca3d308491cceeab03a38f7600000000000000000000000000000000000000000000000000000000000000000000000000000000000000000000000000000000000000000000000000000000000000000000000000000000000000000000000000000000000000000000000000000000000000000000000000000000000000000000000000000000000000000000000000000000000000000000000000000000000000000000000000000003000000000000000000000000000000000000000000000000000000000000006000000000000000000000000000000000000000000000000000000000000000e000000000000000000000000000000000000000000000000000000000000001600000000000000000000000000000000000000000000000000000000000000041275b0b5952065db8a32da736fa529230ab6f0ae3b2a2f9e5adbe773d27669e9d73f16cbab80c2735755e58f53fb836c6346b6fe297b7936de428da1e2b0eba8a1b0000000000000000000000000000000000000000000000000000000000000000000000000000000000000000000000000000000000000000000000000000417ae144cf86ca19beb1b718d273ae00102657954013733edabcc5a3449e4edc446244b4bb69bd4772fc9bed7db2b117c998f6f15441006831431576e8751fae1b1b0000000000000000000000000000000000000000000000000000000000000000000000000000000000000000000000000000000000000000000000000000415876a498ce18f942e8904b29cea5b4acb9edb1f4661ac168ff653f323cf2384924d97794ec0fe815c6e18ee046ec9792e35fc21349481cdb1a211c7c13b246041c00000000000000000000000000000000000000000000000000000000000000
\\x16486485507e26b3d6d5a488f1872292652fe5e3741262972b00bcf9b65f3bb3	\\xe549b0afeda978271ff7e712232b9f7f39a0b060	\\xbb644dd8b6498ee8f6dbaf538cccd1bcd47326c9	\\xb24fcac0	2436547	2026-03-17 23:11:36+04	\\xb24fcac0000000000000000000000000000000000000000000000000000000000000006000000000000000000000000000000000000000000000000000000000000000010000000000000000000000000000000000000000000000000000000000000260a56168bed83f0926d0c3178876640f3807316a2048638d87d76a5ac0737a78320000000000000000000000000000000000000000000000000000000069b9a75c0128f97fdb5ab4d0b6c25b688807fa4211684aeb755a1268e2ff375ab78c03d40000000000000000000000000000000000000000000000000000000000000001000000000000000000000000000000000000000000000000000000000000010000000000000000000000000000000000000000000000000000000000000001a000000000000000000000000000000000000000000000000000000000000001c000000000000000000000000000000000000000000000000000000000000001e0000000000000000000000000000000000000000000000000000000000000000100000000000000000000000000000000000000000000000000000000000000200000000000000000000000000000000000000000000000000000000000000040a3db0f0a7d97a08ce3a1485f6d8960b61a8da79b1738ef9e236197202901b76200000000000000000000000000000000000000000000000000000000000000000000000000000000000000000000000000000000000000000000000000000000000000000000000000000000000000000000000000000000000000000000000000000000000000000000000000000000000000000000000000000000000000000000000000000000000000000000000000000000000000000000000000000003000000000000000000000000000000000000000000000000000000000000006000000000000000000000000000000000000000000000000000000000000000e0000000000000000000000000000000000000000000000000000000000000016000000000000000000000000000000000000000000000000000000000000000417707e4c3c6c682dc0186cca0385764a7937b56f0ff7a74675225d22fe8cc86a62e2e70a988f05f495f303290533f4f3c04d3b60698da8398f47adf03d41e1aec1b000000000000000000000000000000000000000000000000000000000000000000000000000000000000000000000000000000000000000000000000000041bd5f72d36d3e54fa4485d81e7e9c5766ddd9a1ab8d8b86191fbad3e911ea5b5d7ede321de61b957422ce45de3d4b869128369b477bbb3e8375e0ffd34feed28a1c000000000000000000000000000000000000000000000000000000000000000000000000000000000000000000000000000000000000000000000000000041596fb49e04fc115721ecff09c5ffc4f5598051325a49e14d8cb1762958ea205058d91dfbecdc63e1d533cf6d2939bdf0b810df639011287c7945b3fba37b0d161b00000000000000000000000000000000000000000000000000000000000000
\.


--
-- Data for Name: hash_registry; Type: TABLE DATA; Schema: public; Owner: -
--

COPY public.hash_registry (id, type, created_at) FROM stdin;
\\xb12247b9fb9ac431da2949403d29b7c99488e98597db09a1d19e8812e06982cd	2	2026-03-17 13:05:36+04
\\xf88e56ad4ee91457f558c213681393a87732a32bd28441dd40ea5dcfa79483b6	2	2026-03-17 15:15:48+04
\\x126622af08e9266bcb486a245ce9681caeba28564cb01d9b4140792d37347ce5	7	2026-03-17 19:19:24+04
\\xda1a1a4bdd08aad4417e356ecbb361bf2ec484b2f53e4f2358edd1c5923be8b0	1	2026-03-17 19:19:24+04
\\x2299304fe4b897f081843cf937273b458f1719a7f9cd600dae4494eb92f2ac8a	2	2026-03-17 21:12:48+04
\\x0128f97fdb5ab4d0b6c25b688807fa4211684aeb755a1268e2ff375ab78c03d4	1	2026-03-17 21:15:24+04
\\x952d6d938572bb78a49986857ab8d4ab798b07f94294cb9933a0ed6cb61e62a7	7	2026-03-17 21:15:24+04
\\xb032f7888a533739309b49953f5670e41149a71a255827389eddffb8da9bc8cf	1	2026-03-17 23:11:36+04
\\x16486485507e26b3d6d5a488f1872292652fe5e3741262972b00bcf9b65f3bb3	7	2026-03-17 23:11:36+04
\\xb94094c88cbb5a4a211119463b4afd077e3d61c4ee736936a3c1d90bb54502ba	7	2026-03-18 01:09:12+04
\\x4aaf1976150dc0c5ed09c6623c488534cd0a41f8f66b71a2be3301ab4f47853e	1	2026-03-18 01:09:12+04
\\x4b89936fc48486279f194936024978c50b7ece8981f164a2f392c10c6ebaed22	7	2026-03-18 03:02:24+04
\\x4dde41ca80ea51dc426b140d9454c2898ff7e165750081d2fb947445fa4075e5	1	2026-03-18 03:02:24+04
\\x5157a9892513b37a6571a73b13d9e5170655cb67e32016df90dc46e2207a577d	1	2026-03-18 04:55:36+04
\\x56b14dc6f35eba89e854c8e4a46e0ddc8f0fc841d9e8ead7dbbcdaa3f480f375	7	2026-03-18 04:55:36+04
\\xdd14558c6acffc8780daac42f1df7927c2f3fb51f85a52cda1c550fa2b1560a2	1	2026-03-18 06:49:12+04
\\xcde91ffc6e6857663a28d4b9e895e6258167bb591850f9b5ffbc66994e13b6a7	7	2026-03-18 06:49:12+04
\\xa6f048cb991418b95607b1f09adb1f2990fa16ba86c1f244e1ccbe7ee459be85	1	2026-03-18 08:41:48+04
\\xeaaa49c067b01217df461c1d24b2f395f97d08d8e4d4742f4219e65092d27d13	7	2026-03-18 08:41:48+04
\\xd579d17517c3a3dbd58b58691754d90dc841463b95142f00eae0c94578e4f7ba	7	2026-03-18 10:33:12+04
\.


--
-- Data for Name: injected_transaction; Type: TABLE DATA; Schema: public; Owner: -
--

COPY public.injected_transaction (id, reply_id, destination, sender_address, reference_block, salt, signature, value, created_at, payload) FROM stdin;
\.


--
-- Data for Name: message_request; Type: TABLE DATA; Schema: public; Owner: -
--

COPY public.message_request (id, source_address, program_id, tx_hash, call_reply, value, block_number, created_at, payload) FROM stdin;
\\x25cb5ea63cc4551464684bb96c99c584a90bccf79ed207bdc416890b5cde38b9	\\xda4e9d4ec673284e5108e31f1c7be0b8e6ece2d5	\\xebf617f7cc1974a74d04d9e2fe510e287442c67b	\\x91872f97049033935e8a5a2c882199c5a42d14dd614652e3ef567c789c086d56	f	0	2441046	2026-03-18 16:12:00+04	\\x18437265617465
\\x78253917d102c64b644d9539b1ad90e5768d0fc33572815823acc44ace713cfc	\\xda4e9d4ec673284e5108e31f1c7be0b8e6ece2d5	\\x519bc68e2ecaa23d2d6bae439e69b440b5593090	\\x50df5e48d7f8d99440b290b5ada1cdbcb5f7a70cbe3873518bfceb01098eceae	f	0	2441114	2026-03-18 16:29:24+04	\\x18437265617465
\\x166d061102046f1df2bd45aaa581b184f3511b9c82fcaca624ee6b327eed5c3d	\\xda4e9d4ec673284e5108e31f1c7be0b8e6ece2d5	\\x8006b568da891d834af329d333dc612a5b908c2e	\\xf2ee1656d05ef24cb6b23e9339262814f11b250882c6ab6d719b83571d6c898e	f	0	2441130	2026-03-18 16:33:12+04	\\x18437265617465
\\xe7766e5010ec16a962faa92557ebb232e004e1064350264705742d650a781306	\\xda4e9d4ec673284e5108e31f1c7be0b8e6ece2d5	\\x519bc68e2ecaa23d2d6bae439e69b440b5593090	\\xe1c5778bd1015ebcd35c180acc119673c6c0ad10d1378847fcc9c2c0c3d4a28b	f	0	2441136	2026-03-18 16:34:24+04	\\x34506173736b657942726964676544536574506173736b657950726f6772616d0000000000000000000000008006b568da891d834af329d333dc612a5b908c2e
\\x15f10a4c3e073084b55c3fb097b337ef988cdcb44d7503ede204ff315ca8198e	\\xda4e9d4ec673284e5108e31f1c7be0b8e6ece2d5	\\x2c1aa5f04ba937eecbe3610e3efb3d0e59989f6e	\\x8798b46eb3f05b90fb7d855b5a9f83aab0413e59bbbccddd12949d1ae95d899e	f	0	2442954	2026-03-18 23:25:48+04	\\x18437265617465
\.


--
-- Data for Name: message_sent; Type: TABLE DATA; Schema: public; Owner: -
--

COPY public.message_sent (id, source_program_id, destination, state_transition_id, value, created_at, is_call, payload) FROM stdin;
\\x52d742fc1f6fcb495166e7631e230f5ef38c59902313d6bd49fc461a9247f4ed	\\x519bc68e2ecaa23d2d6bae439e69b440b5593090	\\x0000000000000000000000000000000000000000	\\x95d3853a7be80796	0	2026-03-18 16:35:48+04	f	\\x34506173736b657942726964676544506173736b657950726f6772616d5365740000000000000000000000008006b568da891d834af329d333dc612a5b908c2e
\\x7001dca3c1a71bdba11b1a7f1b1b92486b56213540a01a2c4e997cdc7e2d3d63	\\x8006b568da891d834af329d333dc612a5b908c2e	\\x0000000000000000000000000000000000000000	\\xfee7f5beabbc5930	0	2026-03-18 18:57:12+04	f	\\x1c506173736b6579444163636f756e745265676973746572656450f1e2a264322be3e33ad9c9fe4dd4f4027f0b3c62
\\x9aaf5a2b94e5d772d29295c888dc88f118cee8d5a793691575decbe0609b1105	\\x519bc68e2ecaa23d2d6bae439e69b440b5593090	\\x0000000000000000000000000000000000000000	\\xd3c49a65107fb255	0	2026-03-18 19:06:48+04	f	\\x2052656769737472794850726f766964657252656769737465726564802aacd39aa12f165f927243d1358818ab974a8b8ea0c8f12b21af06dcc04e76000000000000000000000000da4e9d4ec673284e5108e31f1c7be0b8e6ece2d5
\\xe3a0d6242d85cbbcc22620ee7cbe4d2b41323854f4635f20609bf53927aa33dc	\\x519bc68e2ecaa23d2d6bae439e69b440b5593090	\\x0000000000000000000000000000000000000000	\\x4a2dd2b8a84cfe7f	0	2026-03-18 19:23:36+04	f	\\x20526567697374727924546965724164646564802aacd39aa12f165f927243d1358818ab974a8b8ea0c8f12b21af06dcc04e7601000000404b4c00000000000000000000000000
\\x2b752b5acaa0d2941db42948b8bbcf7d81180ae029ba06fbaa0a6f83ab668e96	\\x519bc68e2ecaa23d2d6bae439e69b440b5593090	\\x0000000000000000000000000000000000000000	\\x12bf210418159551	0	2026-03-18 19:24:36+04	f	\\x2052656769737472792c5365727665724164646564802aacd39aa12f165f927243d1358818ab974a8b8ea0c8f12b21af06dcc04e760100000001000000
\.


--
-- Data for Name: migrations; Type: TABLE DATA; Schema: public; Owner: -
--

COPY public.migrations (id, "timestamp", name) FROM stdin;
\.


--
-- Data for Name: program; Type: TABLE DATA; Schema: public; Owner: -
--

COPY public.program (id, code_id, created_at_tx_hash, abi_interface_address, created_at_block, created_at) FROM stdin;
\\xebf617f7cc1974a74d04d9e2fe510e287442c67b	\\x6ccd363e0b7210a23b7b51b984bd8ba6fc1827cc8649a1ee4665f10802be2150	\\x924c2672a6c022d4ba859fbeaf11d92946c9e34381dab9fd35b8a6bcd4f60280	\N	2441045	2026-03-18 16:11:48+04
\\xe965f213f4aeadd7569ece21b8413b187dc3c986	\\x6ccd363e0b7210a23b7b51b984bd8ba6fc1827cc8649a1ee4665f10802be2150	\\x5111d26bc62883c54c7dabeb09733278e019fd0f66a3cf1218eedecb84d4b77d	\N	2441094	2026-03-18 16:23:48+04
\\x519bc68e2ecaa23d2d6bae439e69b440b5593090	\\x6ccd363e0b7210a23b7b51b984bd8ba6fc1827cc8649a1ee4665f10802be2150	\\x5cdcfbe0b0e0a5c3e2263ec25728e52535e414929a43ebe6147ed91bd7547b6c	\N	2441110	2026-03-18 16:28:24+04
\.


--
-- Data for Name: reply_request; Type: TABLE DATA; Schema: public; Owner: -
--

COPY public.reply_request (id, source_address, program_id, tx_hash, value, block_number, created_at, payload) FROM stdin;
\\x0e25bd587698b23fcec3f6b87537b1eb13d7701df58523a7e335c731fc06c62d	\\x5a627cf4bc4b94365e610b7b3b2edcd5d53e2444	\\x94a18d3e37e074ab9746d346a561df1c74e1e76e	\\xd6e80fd196e15b753702d41bc224707c0386f81fcab1b50fcb2363e7e1cba7b8	1000000000000000	2681680	2026-04-24 15:28:36+04	\\xaa88537cb03e07dcfc8f5f83ada46398dee8195a67da710370da8586
\\x8efbdaf6bd06bfeb1f247db046e4473417ef2b09ec5269a2f5f11f5f641ce28a	\\x5a627cf4bc4b94365e610b7b3b2edcd5d53e2444	\\xf170bceca1fe90d89ec081a9ce5cc237d951d92f	\\x6235f16f3fc32719bb65452a1937f83605f1e9c3a8050a39e84fa2a198731938	1000000000000000	2681681	2026-04-24 15:28:48+04	\\x49d716cf7530346e6395dd1299f3b000a93cadbfafdfb5454b56933c2ceed91f7876809346dc51f5a5fe4fa3fa99460ce9b68e0772e761250dbf6957fe1b
\\x25c53b6f0a7d56aad275171efc5ef2861abedee18a6246943e8d9ba78eb7fc0a	\\x5a627cf4bc4b94365e610b7b3b2edcd5d53e2444	\\x06a645ff7a36eabc103161897834837efb8e3c16	\\x3436acbf1318d3783cbc87ed1e94fc8f23066fc13f51a82fc88da29407cf9744	0	2692831	2026-04-26 08:12:12+04	\\x069f1f
\\x1c23a0735ef2a0c065ba16d36612553422d97445d7ca964495c1cd82c3104d3b	\\x5a627cf4bc4b94365e610b7b3b2edcd5d53e2444	\\xe497cc44cebe359377bcef18d8000c2d5c7f7bd0	\\xa961eb99f1bc216be103a351029aeb0775e90b17bab9addf33eaa076ae6af9ea	0	2692938	2026-04-26 08:35:12+04	\\x84be25bb87c9c08f3e0ee6925c8058de01046cd9b3468e0946baa9d0119da396765b4e5bb8d096183919448430118e95da533ab1a764ea49e0968dc51bd3278ead01565fb3a7
\.


--
-- Data for Name: reply_sent; Type: TABLE DATA; Schema: public; Owner: -
--

COPY public.reply_sent (id, replied_to_id, source_program_id, destination, state_transition_id, reply_code, is_call, value, created_at, payload) FROM stdin;
\\xa4775d1e2d5d4732632982660c43e14bae69482d3084efb1dca958ea61541594	\\x25cb5ea63cc4551464684bb96c99c584a90bccf79ed207bdc416890b5cde38b9	\\xebf617f7cc1974a74d04d9e2fe510e287442c67b	\\xda4e9d4ec673284e5108e31f1c7be0b8e6ece2d5	\\xe58bf718e4d86333	0x01000000	f	0	2026-03-18 16:13:00+04	\\x
\\xe0b586a954ccaeb387d42c040271402654c73a7b40f25eb621bba202df8bc5af	\\x78253917d102c64b644d9539b1ad90e5768d0fc33572815823acc44ace713cfc	\\x519bc68e2ecaa23d2d6bae439e69b440b5593090	\\xda4e9d4ec673284e5108e31f1c7be0b8e6ece2d5	\\x0be258a10b3188ba	0x00000000	f	0	2026-03-18 16:30:36+04	\\x
\\xe0cf9214f53c0a8489049f756e6859f13f362903662ee8901ff92c941654d7c7	\\x166d061102046f1df2bd45aaa581b184f3511b9c82fcaca624ee6b327eed5c3d	\\x8006b568da891d834af329d333dc612a5b908c2e	\\xda4e9d4ec673284e5108e31f1c7be0b8e6ece2d5	\\x4a5fb6ff86056107	0x00000000	f	0	2026-03-18 16:34:12+04	\\x
\\x387e9551abe3568f95152ca5da245ce2ca3f39a02c7cf828ab83f1936ee8a842	\\xe7766e5010ec16a962faa92557ebb232e004e1064350264705742d650a781306	\\x519bc68e2ecaa23d2d6bae439e69b440b5593090	\\xda4e9d4ec673284e5108e31f1c7be0b8e6ece2d5	\\x95d3853a7be80796	0x00010000	f	0	2026-03-18 16:35:48+04	\\x34506173736b657942726964676544536574506173736b657950726f6772616d0100
\.


--
-- Data for Name: state_transition; Type: TABLE DATA; Schema: public; Owner: -
--

COPY public.state_transition (id, hash, program_id, value_to_receive, created_at, exited, inheritor, batch_hash) FROM stdin;
\\xa6b02400c4b30627	\\x0000000000000000000000000000000000000000000000000000000000000000	\\xebf617f7cc1974a74d04d9e2fe510e287442c67b	0	2026-03-18 16:12:48+04	f	\N	\\x0d261ddfa50f7c76d22cd080e8f086bbcb97fcfc795feb3fc6da896bd9840aea
\\xe58bf718e4d86333	\\xbcff0b3fbc7128c07b9eb7f53f736fef8c6ee5be973caeb6391a71c72d6ed08d	\\xebf617f7cc1974a74d04d9e2fe510e287442c67b	0	2026-03-18 16:13:00+04	f	\N	\\x3343051e3e22767cffea04ef9e076345b8a3deb190e1d23c6e3f8f5845002ae4
\\xd715da47cdd8fb2c	\\x0000000000000000000000000000000000000000000000000000000000000000	\\xe965f213f4aeadd7569ece21b8413b187dc3c986	0	2026-03-18 16:25:24+04	f	\N	\\xf8b3093418915335eb38d3eb0c46503cc0f9e4380dbb0796620f2ba9a8276cb6
\\x8a56fce781d7eb2a	\\x0000000000000000000000000000000000000000000000000000000000000000	\\x519bc68e2ecaa23d2d6bae439e69b440b5593090	0	2026-03-18 16:29:36+04	f	\N	\\x3900a29c5ed0e889d5495f39b7ea14b303a27cab91bac559a40c79632fa3bbfa
\.


--
-- Data for Name: hot_block; Type: TABLE DATA; Schema: vara_eth_processor; Owner: -
--

COPY vara_eth_processor.hot_block (height, hash) FROM stdin;
\.


--
-- Data for Name: hot_change_log; Type: TABLE DATA; Schema: vara_eth_processor; Owner: -
--

COPY vara_eth_processor.hot_change_log (block_height, index, change) FROM stdin;
\.


--
-- Data for Name: status; Type: TABLE DATA; Schema: vara_eth_processor; Owner: -
--

COPY vara_eth_processor.status (id, height, hash, nonce) FROM stdin;
\.


--
-- Data for Name: template_registry; Type: TABLE DATA; Schema: vara_eth_processor; Owner: -
--

COPY vara_eth_processor.template_registry (key, value, type, block_number, height) FROM stdin;
\.


--
-- Name: migrations_id_seq; Type: SEQUENCE SET; Schema: public; Owner: -
--

SELECT pg_catalog.setval('public.migrations_id_seq', 1, false);


--
-- PostgreSQL database dump complete
--

\unrestrict 78xV3JyYDksXRv724bWhxhTwMsOBQ17tTsL47dwgMdMfKwpgk2YdwCSZn1Y8kqU
